source_id,source_name,target_id,target_name,distance
520,HARELBEKE,1212,WAREGEM,8.82800046018578
218,BRUXELL-LUX,227,BRUX-SCHUMAN,0.676257719003781
1031,ST-D-BOVESSE,148,BEUZET,1.80135439586103
1131,TERNAT,378,ESSENE-LOMB,3.7037482330348896
288,COUR-HEURE,147,BERZEE,2.31772383066874
1058,SCHELLEBELLE,1068,SERSKAMP,3.44278611719614
1082,ST-JOR-WEERT,941,OUD-HEVERLEE,3.91492476229195
235,BURST,1130,TERHAGEN,1.75765399167621
401,FLEMALLE-GDE,619,JEMEPPE-S-M,1.8992367711934202
956,PEPINSTER,957,PEPINST-CITE,0.853194387849495
877,LIERSESTWG,590,HOVE,1.89757846538772
1021,RUISBROEK,759,LOT,3.37992084527007
171,BLERET,991,REMICOURT,2.60685874144961
1195,VISE,208,BRESSOUX,13.0097613364015
819,MELSELE,58,ANTW-N'DOK'N,36.2720004391276
1265,ZELE,319,DENDERMONDE,8.25105720206281
58,ANTW-N'DOK'N,1278,ZWIJNDRECHT,36.9333251396287
1278,ZWIJNDRECHT,1084,ST-MARIABURG,34.5186094345234
579,HONY,375,ESNEUX,1.1871316938918701
1223,WAVRE,120,BASSE-WAVRE,1.46070967937092
216,BRUX-CONGRES,215,BRUX-CENTRAL,0.8325454103390819
958,PERUWELZ,246,CALLENELLE,4.9561658557836
683,LANDELIES,585,HOURPES,3.60648077415765
12,ACREN,710,LESSINES,2.3373919394454
1761,DELTA,826,MERODE,2.3689521624153898
1186,VIJFHUIZEN,104,AALST-KERREB,3.07170162553244
654,KWATRECHT,1234,WETTEREN,3.6012854088346997
814,MELKOUWEN,541,HEIST-BERG,3.59507362650207
862,MORLANWELZ,250,CARNIERES,1.73800818594006
218,BRUXELL-LUX,1973,GERMOIR,0.96288367055149
347,EICHEM,67,APPELTERRE,1.92040581342835
801,MARLOIE,788,MARCHE-FAM,3.14992625492155
519,HARCHIES,169,BLATON,3.5726006816179403
405,FLOREE,75,ASSESSE,2.87159718009464
710,LESSINES,12,ACREN,2.3373919394454
1087,ST-M-BODEGEM,328,DILBEEK,2.76324682227273
378,ESSENE-LOMB,1131,TERNAT,3.7037482330348896
540,HEIST,212,BRUGGE-ST-P,15.188696942557801
289,COURT-ST-ET,395,FAUX,3.04873913071683
366,ERNAGE,261,CHASTRE,2.07162275597765
249,CARLSBOURG,480,GRAIDE,5.18020271234475
187,BOOISCHOT,541,HEIST-BERG,5.98940128980416
630,KALMTHOUT,637,KIJKUIT,1.1693627786521599
1213,WAREMME,171,BLERET,2.82377476097421
1274,ZOTTEGEM,106,BALEGEM-ZUID,3.62273157968346
212,BRUGGE-ST-P,540,HEIST,15.188696942557801
747,LODELINSART,258,CHARL-OUEST,3.06253802443037
1145,TIELT,10,AARSELE,6.40420595217736
791,MARCH-AU-PT,1018,ROUX,3.52321021350737
318,DENDERLEEUW,725,LIEDEKERKE,2.01733521925494
1145,TIELT,724,LICHTERVELDE,17.1185449912703
768,LUTTRE,919,OBAIX-BUZET,3.86866638578236
449,GENT-DAMP,447,GENTBRUGGE,2.315575810855
553,HERENT,715,LEUVEN,4.791191590417959
907,NIJLEN,199,BOUWEL,5.85481554905203
313,DAVE-ST-MART,896,NANINNE,3.51192077469265
726,LIEGE-GUILL,728,LIEGE-CARRE,1.74582125988393
615,JEMAPPES,848,MONS,4.37072261207732
277,COMBL-TOUR,996,RIVAGE,4.10346058199586
995,RHISNES,895,NAMUR,5.95509263549377
827,MERY,1147,TILFF,3.12235851097456
996,RIVAGE,277,COMBL-TOUR,4.10346058199586
1256,ZANDBERGEN,67,APPELTERRE,1.2952106352267798
1973,GERMOIR,218,BRUXELL-LUX,0.96288367055149
1368,HAMONT,899,NEERPELT,8.684387215063952
277,COMBL-TOUR,510,HAMOIR,4.9118647540091
1061,SCHULEN,1350,ZONHOVEN,15.9180619016336
977,PUURS,1245,WILLEBROEK,5.25433700034547
1912,ARCADES,189,BOONDAEL,0.922614517461714
1084,ST-MARIABURG,632,KAPELLEN,2.37054427321055
127,BEERNEM,931,OOSTKAMP,5.83862609468763
318,DENDERLEEUW,365,EREMBODEGEM,3.39220447147905
371,ERQUEL-VILL,1093,SOLRE-SAMBRE,2.04868879110638
185,BOMAL,1113,SY,3.66520060494182
1189,VILLERS-LA-V,692,LA ROCHE,3.84487617823721
1174,VELTEM,368,ERPS-KWERPS,3.44921306312771
267,CH'DFONTAINE,1159,TROOZ,3.58227557418227
1189,VILLERS-LA-V,1149,TILLY,3.38746842758513
617,ROCH-JEMELLE,418,FORRIERES,3.23090342249126
781,MALDEREN,751,LONDERZEEL,4.63667129087943
523,HASSELT,324,DIEPENBEEK,7.12542068250409
1048,SCHAERBEEK,219,BRU AIRPORT,9.6292624531481
992,COO,1157,TROIS-PONTS,2.58324913573318
27,ANGLEUR,2011,OUGREE,4.99000023867114
447,GENTBRUGGE,449,GENT-DAMP,2.315575810855
602,IEPER,973,POPERINGE,10.1349721111696
621,JETTE,243,BERCHEM-ST-A,3.17825665118003
1090,SINT-TRUIDEN,19,ALKEN,11.2556227761405
1079,RHODE-ST-G,316,DE HOEK,1.1590775910472801
1060,SCHOONAARDE,938,OUDEGEM,3.8163107819225
637,KIJKUIT,630,KALMTHOUT,1.1693627786521599
133,BEIGNEE,514,HAM-S-HEURE,1.4245733679658399
368,ERPS-KWERPS,1174,VELTEM,3.44921306312771
664,LABUISSIERE,412,FONTAINE-VAL,1.8562334767866902
319,DENDERMONDE,102,BAASRODE-ZD,3.75975101673125
1265,ZELE,748,LOKEREN,6.28603967017478
496,HABAY,786,MARBEHAN,7.1196425169536495
560,HERSEAUX,427,FROYENNES,12.3333024539848
105,BALEGEM-DORP,106,BALEGEM-ZUID,2.38045609791264
382,EUPEN,1226,WELKENRAEDT,5.92286698048543
348,EINE,1272,ZINGEM,4.80271084601572
1224,WEERDE,363,EPPEGEM,2.317992142068
58,ANTW-N'DOK'N,764,LUCHTBAL,2.0413438005841997
559,HERNE,1150,TOLLEMBEEK,2.01737848761227
1018,ROUX,791,MARCH-AU-PT,3.52321021350737
392,FARCIENNES,700,CAMPINAIRE,0.940344439715458
532,HAVERSIN,100,AYE,9.32411571935758
255,CHAP-DIEU,438,GEMBLOUX,1.83128787667431
266,CHENEE,267,CH'DFONTAINE,3.44558844559281
1256,ZANDBERGEN,601,IDEGEM,2.66866093009551
699,LEBBEKE,1730,SINT-GILLIS,2.3003490027805302
1113,SY,185,BOMAL,3.66520060494182
797,MARIA-AALTER,127,BEERNEM,4.5816677317088
351,EKE-NAZARETH,320,DE PINTE,4.81092171837891
768,LUTTRE,286,COURC-MOTTE,5.51354406189795
1180,VERVIERS-PAL,1177,VERVIERS-C,0.864574182428276
615,JEMAPPES,979,QUAREGNON,2.13666268969413
565,HEUSDEN,1348,BERINGEN,3.4859826650309
957,PEPINST-CITE,629,JUSLENVILLE,2.66680306405604
1079,RHODE-ST-G,578,HOLLEKEN,2.1774712695498804
243,BERCHEM-ST-A,621,JETTE,3.17825665118003
540,HEIST,337,DUINBERGEN,1.63144968763091
380,ETTERBEEK,1973,GERMOIR,1.36804177277411
637,KIJKUIT,539,HEIDE,1.61098002352575
104,AALST-KERREB,6,AALST,1.1578295747566698
1979,TOUR-TAXIS,1768,SIMONIS,0.778884242355081
519,HARCHIES,1187,V-POMMEROEUL,2.6458555457356403
617,ROCH-JEMELLE,801,MARLOIE,5.9602406037975895
209,BRUGELETTE,832,MEVERG-ATTRE,1.5782165296289699
748,LOKEREN,130,BEERVELDE,7.73170875151176
1076,ST-D-BOEKEL,873,MUNKZWALM,2.34704192749606
1068,SERSKAMP,1058,SCHELLEBELLE,3.44278611719614
868,MOUSCRON,560,HERSEAUX,3.51888751713172
1139,THUIN,744,LOBBES,2.0753576163042498
286,COURC-MOTTE,1018,ROUX,2.17882448001213
1135,THEUX,423,FRANCHIMONT,1.38166837331015
1234,WETTEREN,1058,SCHELLEBELLE,2.79693611845541
784,MANAGE,471,GODARVILLE,4.44363329589168
442,GENDRON-CELL,589,HOUYET,4.8105261614507695
636,KIEWIT,1061,SCHULEN,12.7986623585389
146,BERTRIX,723,LIBRAMONT,12.0822139473706
973,POPERINGE,602,IEPER,10.1349721111696
1195,VISE,1151,TONGEREN,21.773670616596903
9,AARSCHOT,1238,WEZEMAAL,6.32441236336817
58,ANTW-N'DOK'N,819,MELSELE,36.2720004391276
1181,VEURNE,327,DIKSMUIDE,15.182164105215499
378,ESSENE-LOMB,725,LIEDEKERKE,1.40213173817226
320,DE PINTE,455,GENT-ST-P,6.53827221648006
733,LIERS,835,MILMORT,2.5049803987003303
743,LISSEWEGE,1262,ZEEBR-DORP,3.99772472835066
201,BRACQUEGNIES,1136,THIEU,2.04694201280507
153,BIERGES-WAL,739,LIMAL,2.23500149831494
328,DILBEEK,488,G-BIJGAARDEN,2.20379730908584
743,LISSEWEGE,1723,ZEEBR-STRAND,3.3758033807868
1084,ST-MARIABURG,819,MELSELE,33.8572847340224
402,FLEMALLE-HTE,705,LEMAN,0.818782784193107
819,MELSELE,1084,ST-MARIABURG,33.8572847340224
759,LOT,1021,RUISBROEK,3.37992084527007
1194,VIRTON,502,HALANZY,16.6111227739425
592,HUY,1102,STATTE,1.1808527153497
199,BOUWEL,907,NIJLEN,5.85481554905203
807,MAUBRAY,246,CALLENELLE,3.12320672878648
1084,ST-MARIABURG,1278,ZWIJNDRECHT,34.518609434523505
369,ERQUELINNES,371,ERQUEL-VILL,1.33171435080629
114,BARVAUX,818,MELR-HOTTON,8.6254184264816
1061,SCHULEN,636,KIEWIT,12.7986623585388
457,GENVAL,997,RIXENSART,1.8764698244967601
291,COUVIN,798,MARIEMBOURG,5.24895816130638
318,DENDERLEEUW,600,IDDERGEM,1.89724377723968
962,PIETON,250,CARNIERES,2.3463443377611304
902,NEUFVILLES,805,MASNUY-ST-P,3.65473290062456
404,FLEURUS,82,AUVELAIS,9.351732190184642
567,HEVERLEE,941,OUD-HEVERLEE,4.27256433370117
24,AMPSIN,592,HUY,4.27848800719017
470,GLONS,733,LIERS,7.21386401964768
1272,ZINGEM,434,GAVERE-ASPER,2.45163376229098
750,LOMMEL,1666,OVERPELT,7.88020701392755
936,OTTIGNIES,975,PROFONDSART,2.87523894227314
975,PROFONDSART,997,RIXENSART,2.56976699140769
788,MARCHE-FAM,801,MARLOIE,3.14992625492155
1048,SCHAERBEEK,325,DIEGEM,6.72025706808927
1244,WILDERT,376,ESSEN,4.00529035906362
75,ASSESSE,287,COURRIERE,2.90683407644085
375,ESNEUX,579,HONY,1.1871316938918701
514,HAM-S-HEURE,133,BEIGNEE,1.4245733679658399
1663,HAREN,1048,SCHAERBEEK,6.073782277891779
647,KORTEMARK,724,LICHTERVELDE,5.96108641602288
10,AARSELE,317,DEINZE,8.383183688507101
1043,SART-BERNARD,896,NANINNE,1.93451963935651
153,BIERGES-WAL,1223,WAVRE,1.17802786930241
313,DAVE-ST-MART,610,JAMBES-EST,2.98044454484968
235,BURST,345,EDE,4.76032997522386
1228,WELLE,318,DENDERLEEUW,1.9766592737523598
1136,THIEU,535,HAVRE,2.93629414907999
133,BEIGNEE,612,JAMIOULX,2.80713265543637
479,GOUY-PIETON,471,GODARVILLE,2.79297341323937
2011,OUGREE,208,BRESSOUX,8.09471270238334
1253,WICHELEN,1060,SCHOONAARDE,2.57729646558143
939,OUDENAARDE,66,ANZEGEM,8.24665566305924
1192,VILVOORDE,229,BUDA,2.0856446780595403
566,HEVER,190,BOORTMEERB,2.83576825819117
707,LENS,247,CAMBRON-CAST,3.77635082246385
446,GENLY,982,QUEVY,5.73752216531307
410,FLORIVAL,954,PECROT,2.09092858346933
708,LEOPOLDSBURG,143,BEVERLO,3.85702347648524
563,HERZELE,1130,TERHAGEN,1.37698764778239
644,KONTICH-LINT,590,HOVE,2.41077382751372
899,NEERPELT,1666,OVERPELT,1.47197082157592
364,ERBISOEUL,628,JURBISE,2.98065681042941
620,JEMEPPE-S-S,515,HAM-S-SAMBRE,0.774603359769017
434,GAVERE-ASPER,1272,ZINGEM,2.45163376229098
1146,TIENEN,384,EZEMAAL,6.3079732907403905
215,BRUX-CENTRAL,217,BRUXELL-CHAP,0.789979517572293
797,MARIA-AALTER,8,AALTER,4.6223638930631
1261,ZEDELGEM,1152,TORHOUT,7.9836934878512
367,ERPE-MERE,110,BAMBRUGGE,2.56116170417345
325,DIEGEM,1048,SCHAERBEEK,6.72025706808928
488,G-BIJGAARDEN,328,DILBEEK,2.20379730908584
685,LANDSKOUTER,474,GONTRODE,1.25201773339745
590,HOVE,644,KONTICH-LINT,2.41077382751372
1161,TURNHOUT,1144,TIELEN,9.70777400645152
259,CHARL-CENTR,281,COUILLET,2.6836630976197497
22,AMAY,530,HAUTE-FLONE,1.19794582976461
67,APPELTERRE,1256,ZANDBERGEN,1.2952106352267798
585,HOURPES,1139,THUIN,3.24824855788172
380,ETTERBEEK,218,BRUXELL-LUX,2.33888870383221
894,NAMECHE,1062,SCLAIGNEAUX,3.2014846822609
433,GASTUCHE,68,ARCHENNES,2.36969814004111
126,BEAURAING,589,HOUYET,9.73342940130064
1081,SAINT-JOB,824,VIVIER D'OIE,1.00327391321572
232,BUIZINGEN,759,LOT,1.8015984144312098
217,BRUXELL-CHAP,215,BRUX-CENTRAL,0.789979517572293
514,HAM-S-HEURE,288,COUR-HEURE,2.3982509336011897
1144,TIELEN,1161,TURNHOUT,9.70777400645152
682,LANDEGEM,335,DRONGEN,5.679393221149811
952,PAPIGNIES,583,HOURAING,1.86747046876375
364,ERBISOEUL,462,GHLIN,3.03184537688916
342,ECAUSSINNES,790,MARCHE-ECAUS,2.30790909491612
316,DE HOEK,1079,RHODE-ST-G,1.1590775910472801
848,MONS,615,JEMAPPES,4.37072261207732
589,HOUYET,442,GENDRON-CELL,4.8105261614507695
409,FLORENVILLE,146,BERTRIX,20.2909262243548
438,GEMBLOUX,754,LONZEE,2.9981827733687703
16,AISEAU,1125,TAMINES,1.79604370104547
873,MUNKZWALM,1274,ZOTTEGEM,7.43172118425392
210,BRUGGE,212,BRUGGE-ST-P,3.12230384618844
1088,SINT-NIKLAAS,138,BELSELE,4.4365950193757095
730,LIEGE-ST-LAM,728,LIEGE-CARRE,1.12211406370089
317,DEINZE,1212,WAREGEM,12.298373367423402
610,JAMBES-EST,313,DAVE-ST-MART,2.98044454484968
1242,WIJGMAAL,507,HAMBOS,3.52628096662913
515,HAM-S-SAMBRE,620,JEMEPPE-S-S,0.774603359769017
642,KNOKKE,337,DUINBERGEN,1.5643771584608301
1212,WAREGEM,520,HARELBEKE,8.82800046018578
568,HILLEGEM,1274,ZOTTEGEM,4.13929815688898
919,OBAIX-BUZET,768,LUTTRE,3.86866638578236
809,MAZY,255,CHAP-DIEU,5.4858892630526395
805,MASNUY-ST-P,902,NEUFVILLES,3.65473290062456
782,MAFFLE,832,MEVERG-ATTRE,2.7972644463620298
366,ERNAGE,438,GEMBLOUX,2.8839986181002
866,M-OUDE GOD,590,HOVE,2.0915590842501603
1270,ZICHEM,326,DIEST,5.067859872733931
406,FLOREFFE,400,FLAWINNE,3.70280637475485
215,BRUX-CENTRAL,216,BRUX-CONGRES,0.8325454103390819
1184,VICHTE,66,ANZEGEM,7.34691525359177
404,FLEURUS,736,LIGNY,3.51671691262813
77,ATH,782,MAFFLE,2.34229208786649
1113,SY,510,HAMOIR,4.02315069741812
984,QUIEVRAIN,1141,THULIN,4.5156207484558
319,DENDERMONDE,1730,SINT-GILLIS,1.17647508251223
1255,YVOIR,329,DINANT,7.5141961574247
820,MENEN,1229,WERVIK,5.17075143025056
380,ETTERBEEK,1219,WATERMAEL,1.46872272408301
720,LEVAL,158,BINCHE,3.81710479279515
724,LICHTERVELDE,647,KORTEMARK,5.96108641602288
977,PUURS,192,BORNEM,3.89283715218467
2011,OUGREE,27,ANGLEUR,4.99000023867114
1185,VIELSALM,477,GOUVY,11.4247572670028
583,HOURAING,952,PAPIGNIES,1.86747046876375
744,LOBBES,1139,THUIN,2.0753576163042498
231,BUGGENHOUT,781,MALDEREN,2.1622608464621
941,OUD-HEVERLEE,567,HEVERLEE,4.27256433370117
432,GALMAARDEN,1150,TOLLEMBEEK,2.1968143403725797
897,NATOYE,405,FLOREE,1.61504173907981
195,BOUSSU,501,HAININ,2.25671910194005
501,HAININ,1141,THULIN,1.5672014099493998
1034,ST-GHISLAIN,195,BOUSSU,1.8632705988232001
725,LIEDEKERKE,378,ESSENE-LOMB,1.40213173817226
754,LONZEE,438,GEMBLOUX,2.9981827733687703
1274,ZOTTEGEM,568,HILLEGEM,4.13929815688898
868,MOUSCRON,649,KORTRIJK,12.730555237484198
335,DRONGEN,682,LANDEGEM,5.679393221149811
192,BORNEM,1128,TEMSE,3.6080933722683697
1254,YVES-GOMEZEE,1207,WALCOURT,5.329023676972319
261,CHASTRE,167,BLANMONT,1.6344184116429201
392,FARCIENNES,16,AISEAU,2.7331826844654503
811,NEKKERSPOEL,810,MECHELEN,1.50627171557316
363,EPPEGEM,1192,VILVOORDE,4.19576877038589
38,ANTW-DAM,764,LUCHTBAL,1.33030548437577
1130,TERHAGEN,563,HERZELE,1.37698764778239
421,FRAIPONT,901,NESSONVAUX,1.5871855508040902
327,DIKSMUIDE,647,KORTEMARK,12.6886138468579
1125,TAMINES,82,AUVELAIS,2.56947052827892
120,BASSE-WAVRE,1223,WAVRE,1.46070967937092
840,MOL,107,BALEN,4.86503629676836
820,MENEN,1235,WEVELGEM,5.26623802006681
128,BEERSEL,591,HUIZINGEN,3.15820688728573
1152,TORHOUT,724,LICHTERVELDE,4.78074361924811
187,BOOISCHOT,132,BEGIJNENDIJK,2.59345466868338
518,HANSBEKE,136,BELLEM,3.72263966424408
748,LOKEREN,1265,ZELE,6.28603967017478
1141,THULIN,984,QUIEVRAIN,4.5156207484558
400,FLAWINNE,406,FLOREFFE,3.70280637475485
318,DENDERLEEUW,1228,WELLE,1.9766592737523598
1085,LIERDE,1274,ZOTTEGEM,6.51671151668658
110,BAMBRUGGE,235,BURST,1.3335925030828
578,HOLLEKEN,742,LINKEBEEK,1.28115577821496
442,GENDRON-CELL,34,ANSEREMME,7.05202716100634
1093,SOLRE-SAMBRE,371,ERQUEL-VILL,2.04868879110638
383,EVERE,191,BORDET,1.2264929316283102
319,DENDERMONDE,1265,ZELE,8.25105720206281
1168,UCCLE-STALLE,414,FOREST-EST,0.913443737535838
1350,ZONHOVEN,1061,SCHULEN,15.9180619016336
195,BOUSSU,1034,ST-GHISLAIN,1.8632705988232001
908,NIMY,920,OBOURG,3.7061675368328704
415,FOREST-MIDI,220,BRUXELL-MIDI,3.42079482176169
976,PRY,1207,WALCOURT,1.36798638191595
167,BLANMONT,855,MONT-ST-GUIB,2.71667347110058
418,FORRIERES,617,ROCH-JEMELLE,3.23090342249126
363,EPPEGEM,1224,WEERDE,2.317992142068
22,AMAY,24,AMPSIN,2.4146869537835802
1058,SCHELLEBELLE,1253,WICHELEN,3.7556049826404503
592,HUY,24,AMPSIN,4.27848800719017
272,CINEY,704,LEIGNON,3.11462254438189
199,BOUWEL,1232,WOLFSTEE,2.9683843944033
991,REMICOURT,842,MOMALLE,3.40539191695837
1231,ZOLDER,1350,ZONHOVEN,6.09047333648202
436,GEEL,840,MOL,9.09240953433115
183,BOITSFORT,1219,WATERMAEL,1.80481717228469
287,COURRIERE,75,ASSESSE,2.90683407644085
472,GODINNE,767,LUSTIN,2.98028620030779
1147,TILFF,27,ANGLEUR,6.773363041472391
1017,RUISBR-SAUV,977,PUURS,3.1703711852937397
715,LEUVEN,553,HERENT,4.791191590417959
546,HEMIKSEM,1066,SCHELLE,1.23008126484986
136,BELLEM,518,HANSBEKE,3.72263966424408
938,OUDEGEM,319,DENDERMONDE,2.88198721034914
345,EDE,235,BURST,4.76032997522386
767,LUSTIN,611,JAMBES,10.3122831024572
105,BALEGEM-DORP,1056,SCHELDEWIND,2.2371026977688198
563,HERZELE,568,HILLEGEM,1.6725142134553301
1135,THEUX,629,JUSLENVILLE,0.983034769606415
1223,WAVRE,153,BIERGES-WAL,1.17802786930241
1768,SIMONIS,1979,TOUR-TAXIS,0.778884242355081
351,EKE-NAZARETH,434,GAVERE-ASPER,3.54602621727027
375,ESNEUX,974,POULSEUR,3.6197387493268303
975,PROFONDSART,936,OTTIGNIES,2.87523894227314
8,AALTER,797,MARIA-AALTER,4.6223638930631
895,NAMUR,1009,RONET,3.29885184654795
252,CEROUX-MOUST,936,OTTIGNIES,1.49874937517703
1177,VERVIERS-C,956,PEPINSTER,3.95175393295989
535,HAVRE,1136,THIEU,2.93629414907999
1009,RONET,895,NAMUR,3.29885184654795
1192,VILVOORDE,1048,SCHAERBEEK,7.017952647271141
590,HOVE,877,LIERSESTWG,1.89757846538772
188,BOOM,905,NIEL,3.2005070275593397
901,NESSONVAUX,956,PEPINSTER,5.329885825221201
261,CHASTRE,366,ERNAGE,2.07162275597765
1235,WEVELGEM,820,MENEN,5.26623802006681
719,LEUZE,77,ATH,11.9913771722272
523,HASSELT,19,ALKEN,6.49428614587748
1128,TEMSE,192,BORNEM,3.6080933722683697
24,AMPSIN,22,AMAY,2.4146869537835802
629,JUSLENVILLE,957,PEPINST-CITE,2.66680306405604
728,LIEGE-CARRE,730,LIEGE-ST-LAM,1.12211406370089
504,HALLE,706,LEMBEEK,2.37905195040345
979,QUAREGNON,615,JEMAPPES,2.13666268969413
77,ATH,989,REBAIX,4.84941228367382
405,FLOREE,897,NATOYE,1.61504173907981
600,IDDERGEM,923,OKEGEM,2.4171668333134697
70,ARLON,1198,VIVILLE,2.0639221932701997
337,DUINBERGEN,642,KNOKKE,1.5643771584608301
1207,WALCOURT,976,PRY,1.36798638191595
848,MONS,908,NIMY,2.23928850951676
114,BARVAUX,185,BOMAL,3.35742084187726
957,PEPINST-CITE,956,PEPINSTER,0.853194387849495
489,GRUPONT,418,FORRIERES,5.65674918607321
814,MELKOUWEN,142,BERLAAR,3.0955368788505297
258,CHARL-OUEST,747,LODELINSART,3.06253802443037
1274,ZOTTEGEM,1085,LIERDE,6.51671151668658
1073,SINAAI,138,BELSELE,1.63925546433243
19,ALKEN,1090,SINT-TRUIDEN,11.2556227761405
1063,SCLESSIN,726,LIEGE-GUILL,2.8097577882607
221,BRUXELLES-ND,216,BRUX-CONGRES,0.943358352388166
848,MONS,462,GHLIN,5.68743336573186
636,KIEWIT,184,BOKRIJK,4.14080312611445
462,GHLIN,364,ERBISOEUL,3.03184537688916
752,NEUFCHATEAU,723,LIBRAMONT,9.34092778399956
781,MALDEREN,231,BUGGENHOUT,2.1622608464621
611,JAMBES,767,LUSTIN,10.3122831024572
1141,THULIN,501,HAININ,1.5672014099493998
110,BAMBRUGGE,367,ERPE-MERE,2.56116170417345
686,LANGDORP,1134,TESTELT,5.88359350482339
954,PECROT,410,FLORIVAL,2.09092858346933
414,FOREST-EST,1168,UCCLE-STALLE,0.913443737535838
252,CEROUX-MOUST,289,COURT-ST-ET,1.57165718651297
643,KOKSIJDE,1181,VEURNE,1.21842429949905
413,FORCHIES,962,PIETON,2.6674050890643897
169,BLATON,519,HARCHIES,3.5726006816179403
962,PIETON,413,FORCHIES,2.6674050890643897
384,EZEMAAL,1146,TIENEN,6.3079732907403905
1842,MESSANCY,78,ATHUS,3.73046868884355
821,MERCHTEM,933,OPWIJK,3.49900637920167
1278,ZWIJNDRECHT,64,ANTW-ZUID,5.64438228154816
938,OUDEGEM,1060,SCHOONAARDE,3.8163107819225
493,HAACHT,1230,WESPEL-TILD,1.9312125727601799
337,DUINBERGEN,540,HEIST,1.63144968763091
968,POIX-ST-HUB,489,GRUPONT,10.3528538953018
120,BASSE-WAVRE,433,GASTUCHE,2.45111612431456
504,HALLE,232,BUIZINGEN,2.45016354764297
184,BOKRIJK,636,KIEWIT,4.14080312611445
710,LESSINES,583,HOURAING,1.12282754151906
895,NAMUR,995,RHISNES,5.95509263549377
1031,ST-D-BOVESSE,995,RHISNES,3.43607233760005
826,MERODE,1761,DELTA,2.3689521624153898
458,G'BERGEN,1059,SCHENDELBEKE,3.78825075214971
585,HOURPES,683,LANDELIES,3.60648077415765
1067,SERAING,2011,OUGREE,1.6812477866121802
1087,ST-M-BODEGEM,1131,TERNAT,2.92546046428619
2011,OUGREE,1067,SERAING,1.6812477866121802
223,BRUX-OUEST,1768,SIMONIS,1.76223482754087
325,DIEGEM,1260,ZAVENTEM,2.04855390115139
899,NEERPELT,1368,HAMONT,8.684387215063952
707,LENS,628,JURBISE,3.45550373911328
1034,ST-GHISLAIN,1187,V-POMMEROEUL,7.84646394155818
649,KORTRIJK,520,HARELBEKE,5.04642023556063
821,MERCHTEM,841,MOLLEM,2.45542483750497
336,DUFFEL,644,KONTICH-LINT,4.82110815201205
104,AALST-KERREB,1186,VIJFHUIZEN,3.07170162553244
810,MECHELEN,1224,WEERDE,4.736951278110561
961,PHILIPPEVILL,798,MARIEMBOURG,13.2194557277946
732,LIER,177,BOECHOUT,5.86154367791134
832,MEVERG-ATTRE,782,MAFFLE,2.7972644463620298
1084,ST-MARIABURG,352,EKEREN,1.74372573601558
692,LA ROCHE,395,FAUX,1.46279708493928
360,ENGHIEN,559,HERNE,3.85929022620632
705,LEMAN,402,FLEMALLE-HTE,0.818782784193107
910,NINOVE,923,OKEGEM,2.96200137227107
664,LABUISSIERE,1093,SOLRE-SAMBRE,2.04945137397069
815,MELLE,2089,ANDERLECHT,40.9181333091406
1056,SCHELDEWIND,860,MOORTSELE,1.7538708681514
837,MOENSBERG,128,BEERSEL,2.35567068504075
855,MONT-ST-GUIB,167,BLANMONT,2.71667347110058
128,BEERSEL,837,MOENSBERG,2.35567068504075
991,REMICOURT,171,BLERET,2.60685874144961
818,MELR-HOTTON,788,MARCHE-FAM,9.75392973469474
1068,SERSKAMP,701,LEDE,2.34405051921528
788,MARCHE-FAM,818,MELR-HOTTON,9.75392973469474
167,BLANMONT,261,CHASTRE,1.6344184116429201
819,MELSELE,151,BEVEREN(W),1.95633230834169
82,AUVELAIS,1125,TAMINES,2.56947052827892
954,PECROT,1082,ST-JOR-WEERT,2.49620838192776
976,PRY,147,BERZEE,2.60549807265321
855,MONT-ST-GUIB,936,OTTIGNIES,4.95940282148638
1177,VERVIERS-C,1180,VERVIERS-PAL,0.864574182428276
936,OTTIGNIES,855,MONT-ST-GUIB,4.95940282148638
997,RIXENSART,975,PROFONDSART,2.56976699140769
936,OTTIGNIES,762,LOUVAIN-LA-N,6.35155414175685
997,RIXENSART,457,GENVAL,1.8764698244967601
1180,VERVIERS-PAL,331,DOLHAIN-GIL,7.384996741158919
507,HAMBOS,1230,WESPEL-TILD,2.38385647649375
331,DOLHAIN-GIL,1180,VERVIERS-PAL,7.384996741158919
1083,ST-KAT-WAVER,336,DUFFEL,2.33836179671462
1062,SCLAIGNEAUX,262,CHAT-DE-SEIL,4.14384700438492
212,BRUGGE-ST-P,210,BRUGGE,3.12230384618844
1744,LA LOUV-SUD,673,LA LOUV-CTRE,2.71109875458321
1226,WELKENRAEDT,382,EUPEN,5.92286698048543
673,LA LOUV-CTRE,1744,LA LOUV-SUD,2.71109875458321
345,EDE,494,HAALTERT,2.46808674210651
939,OUDENAARDE,1013,RENAIX,13.576942428686099
367,ERPE-MERE,1186,VIJFHUIZEN,2.20819375005045
1842,MESSANCY,70,ARLON,11.3521494924974
1134,TESTELT,686,LANGDORP,5.88359350482339
70,ARLON,1842,MESSANCY,11.3521494924974
706,LEMBEEK,504,HALLE,2.37905195040345
139,ANTW-BERCHEM,864,DEURNESTWG,2.1160331207332903
801,MARLOIE,100,AYE,2.77336160462047
738,LILLOIS,911,NIVELLES,5.6945674923389396
933,OPWIJK,542,HEIZIJDE,2.6698716059344
205,BRAINE-LE-CT,1092,SOIGNIES,6.15494673010358
191,BORDET,383,EVERE,1.2264929316283102
1912,ARCADES,380,ETTERBEEK,1.49364064587464
873,MUNKZWALM,1076,ST-D-BOEKEL,2.34704192749606
1663,HAREN,1192,VILVOORDE,4.227627743551929
1843,EVERGEM,1248,WONDELGEM,2.5421946212302102
474,GONTRODE,815,MELLE,2.7052279697998403
759,LOT,232,BUIZINGEN,1.8015984144312098
1151,TONGEREN,1195,VISE,21.773670616597
562,HERSTAL,730,LIEGE-ST-LAM,3.91753917842682
604,INGELMUNSTER,606,IZEGEM,3.05362738054106
723,LIBRAMONT,146,BERTRIX,12.0822139473706
2011,OUGREE,726,LIEGE-GUILL,5.673038996584349
708,LEOPOLDSBURG,107,BALEN,8.735108278380679
1348,BERINGEN,143,BEVERLO,4.45271847725327
477,GOUVY,1185,VIELSALM,11.4247572670028
143,BEVERLO,1348,BERINGEN,4.45271847725327
1245,WILLEBROEK,977,PUURS,5.25433700034547
78,ATHUS,1841,AUBANGE,2.94977113461446
941,OUD-HEVERLEE,1082,ST-JOR-WEERT,3.91492476229195
458,G'BERGEN,12,ACREN,4.822783016219001
628,JURBISE,364,ERBISOEUL,2.98065681042941
621,JETTE,1266,ZELLIK,4.3573054346366
1005,ROESELARE,606,IZEGEM,6.85973588542648
401,FLEMALLE-GDE,1067,SERAING,5.535939384887319
568,HILLEGEM,563,HERZELE,1.6725142134553301
325,DIEGEM,219,BRU AIRPORT,7.06166500407667
764,LUCHTBAL,38,ANTW-DAM,1.33030548437577
1063,SCLESSIN,971,PONT-SERAING,3.50638585906561
970,PONT-CELLES,768,LUTTRE,2.3339924219211396
906,NIEUWKERKEN,1088,SINT-NIKLAAS,3.24817919939992
399,FEXHE,842,MOMALLE,2.1883210711238696
683,LANDELIES,793,MARCH-ZONE,3.97439641057849
1973,GERMOIR,380,ETTERBEEK,1.36804177277411
815,MELLE,822,MERELBEKE,2.96888218067864
1192,VILVOORDE,363,EPPEGEM,4.19576877038589
822,MERELBEKE,815,MELLE,2.96888218067864
647,KORTEMARK,327,DIKSMUIDE,12.6886138468579
458,G'BERGEN,1182,VIANE-MOERB,4.67376062511729
2089,ANDERLECHT,223,BRUX-OUEST,5.74352256405749
684,LANDEN,1213,WAREMME,13.800926954126501
924,OLEN,436,GEEL,6.157885737165611
316,DE HOEK,1218,WATERLOO,2.88559759829687
208,BRESSOUX,1195,VISE,13.0097613364015
920,OBOURG,535,HAVRE,3.67137828361112
956,PEPINSTER,901,NESSONVAUX,5.329885825221201
924,OLEN,554,HERENTALS,6.04101965088922
1350,ZONHOVEN,1231,ZOLDER,6.09047333648202
58,ANTW-N'DOK'N,352,EKEREN,1.7841754461744699
185,BOMAL,114,BARVAUX,3.35742084187726
409,FLORENVILLE,1194,VIRTON,24.777121851737
790,MARCHE-ECAUS,342,ECAUSSINNES,2.30790909491612
220,BRUXELL-MIDI,414,FOREST-EST,3.17043549932059
384,EZEMAAL,900,NEERWINDEN,3.23863700458445
532,HAVERSIN,257,CHAPOIS,6.01740388047074
346,EEKLO,1206,WAARSCHOOT,4.0324086861153905
257,CHAPOIS,532,HAVERSIN,6.01740388047074
510,HAMOIR,277,COMBL-TOUR,4.9118647540091
591,HUIZINGEN,504,HALLE,2.87907424194344
724,LICHTERVELDE,1152,TORHOUT,4.78074361924811
243,BERCHEM-ST-A,488,G-BIJGAARDEN,1.27976700974966
281,COUILLET,259,CHARL-CENTR,2.6836630976197497
811,NEKKERSPOEL,1083,ST-KAT-WAVER,4.57447050558597
1056,SCHELDEWIND,105,BALEGEM-DORP,2.2371026977688198
278,COMINES,602,IEPER,12.782097156812801
824,VIVIER D'OIE,189,BOONDAEL,1.6506849367613199
931,OOSTKAMP,210,BRUGGE,5.70287125462335
160,BISSEGEM,1235,WEVELGEM,3.3658791926419798
602,IEPER,278,COMINES,12.782097156812801
866,M-OUDE GOD,864,DEURNESTWG,1.3045476632576198
916,NOSSEGEM,648,KORTENBERG,2.8523239925441497
1154,TOURNAI,35,ANTOING,7.2612582506648895
565,HEUSDEN,1231,ZOLDER,3.5525675359791697
723,LIBRAMONT,752,NEUFCHATEAU,9.34092778399956
447,GENTBRUGGE,815,MELLE,5.57760306965422
1136,THIEU,201,BRACQUEGNIES,2.04694201280507
201,BRACQUEGNIES,673,LA LOUV-CTRE,4.28344861669418
933,OPWIJK,821,MERCHTEM,3.49900637920167
1663,HAREN,191,BORDET,1.42148073152001
895,NAMUR,400,FLAWINNE,5.16293778370442
673,LA LOUV-CTRE,201,BRACQUEGNIES,4.28344861669418
289,COURT-ST-ET,252,CEROUX-MOUST,1.57165718651297
1085,LIERDE,458,G'BERGEN,6.62193740594126
37,ANTWERPEN-C,764,LUCHTBAL,3.02424434939072
518,HANSBEKE,682,LANDEGEM,2.93200486368439
1062,SCLAIGNEAUX,894,NAMECHE,3.2014846822609
682,LANDEGEM,518,HANSBEKE,2.93200486368439
471,GODARVILLE,479,GOUY-PIETON,2.79297341323937
320,DE PINTE,317,DEINZE,8.79058879805361
1130,TERHAGEN,235,BURST,1.75765399167621
812,MEISER,826,MERODE,1.6916482767207999
835,MILMORT,733,LIERS,2.5049803987003303
227,BRUX-SCHUMAN,812,MEISER,2.05023589792891
739,LIMAL,153,BIERGES-WAL,2.23500149831494
870,MOUSTIER,515,HAM-S-SAMBRE,1.55282376699507
400,FLAWINNE,895,NAMUR,5.16293778370442
221,BRUXELLES-ND,1048,SCHAERBEEK,2.52527122155048
630,KALMTHOUT,1244,WILDERT,4.2201108279672095
848,MONS,422,FRAMERIES,6.5227244547183
1730,SINT-GILLIS,699,LEBBEKE,2.3003490027805302
648,KORTENBERG,368,ERPS-KWERPS,2.95668361112064
227,BRUX-SCHUMAN,218,BRUXELL-LUX,0.676257719003781
422,FRAMERIES,848,MONS,6.5227244547183
257,CHAPOIS,704,LEIGNON,1.31814255121291
620,JEMEPPE-S-S,82,AUVELAIS,2.54876558329422
835,MILMORT,562,HERSTAL,4.79831140336085
146,BERTRIX,951,PALISEUL,11.9779451151666
281,COUILLET,700,CAMPINAIRE,6.4254724976851305
166,BLANKENBERGE,212,BRUGGE-ST-P,11.7415975823228
472,GODINNE,1255,YVOIR,4.04297430151845
368,ERPS-KWERPS,648,KORTENBERG,2.95668361112064
672,LA HULPE,457,GENVAL,1.7378342243873102
895,NAMUR,610,JAMBES-EST,2.53764358378404
827,MERY,579,HONY,1.47795494158508
610,JAMBES-EST,895,NAMUR,2.53764358378404
700,CAMPINAIRE,281,COUILLET,6.4254724976851305
732,LIER,644,KONTICH-LINT,6.28232320895415
395,FAUX,289,COURT-ST-ET,3.04873913071683
1242,WIJGMAAL,715,LEUVEN,4.84227266258064
1157,TROIS-PONTS,992,COO,2.58324913573318
819,MELSELE,1278,ZWIJNDRECHT,2.5465051408215498
319,DENDERMONDE,938,OUDEGEM,2.88198721034914
810,MECHELEN,1048,SCHAERBEEK,19.832521382104797
1066,SCHELLE,546,HEMIKSEM,1.23008126484986
1202,VOROUX,726,LIEGE-GUILL,16.1947847979467
106,BALEGEM-ZUID,105,BALEGEM-DORP,2.38045609791264
184,BOKRIJK,1670,GENK,6.56878262168561
6,AALST,104,AALST-KERREB,1.1578295747566698
447,GENTBRUGGE,822,MERELBEKE,2.61148765019315
810,MECHELEN,811,NEKKERSPOEL,1.50627171557316
822,MERELBEKE,447,GENTBRUGGE,2.61148765019315
572,HOEILAART,486,GROENENDAAL,1.4372609548952
142,BERLAAR,732,LIER,6.94008005628894
1234,WETTEREN,654,KWATRECHT,3.6012854088346997
726,LIEGE-GUILL,1202,VOROUX,16.194784797946802
320,DE PINTE,351,EKE-NAZARETH,4.81092171837891
139,ANTW-BERCHEM,61,ANTW-OOST,1.0990143080659
1768,SIMONIS,223,BRUX-OUEST,1.76223482754087
414,FOREST-EST,223,BRUX-OUEST,4.8669933313975395
767,LUSTIN,472,GODINNE,2.98028620030779
1048,SCHAERBEEK,227,BRUX-SCHUMAN,4.61530196315156
1979,TOUR-TAXIS,221,BRUXELLES-ND,3.81848270295848
574,HOFSTADE,566,HEVER,3.44219199614579
956,PEPINSTER,1177,VERVIERS-C,3.95175393295989
784,MANAGE,673,LA LOUV-CTRE,6.89538028197813
221,BRUXELLES-ND,1979,TOUR-TAXIS,3.81848270295848
612,JAMIOULX,259,CHARL-CENTR,9.14075879531722
1202,VOROUX,399,FEXHE,2.4397766370117804
263,CHATELET,281,COUILLET,4.25692022595131
907,NIJLEN,635,KESSEL,3.3809035938469503
281,COUILLET,263,CHATELET,4.25692022595131
327,DIKSMUIDE,1181,VEURNE,15.182164105215499
726,LIEGE-GUILL,31,ANS,5.8893038830044695
422,FRAMERIES,446,GENLY,1.7329080236835
325,DIEGEM,521,HAREN-SUD,1.95899721866755
824,VIVIER D'OIE,1081,SAINT-JOB,1.00327391321572
1021,RUISBROEK,415,FOREST-MIDI,2.2895347048273003
612,JAMIOULX,133,BEIGNEE,2.80713265543637
415,FOREST-MIDI,1021,RUISBROEK,2.2895347048273003
423,FRANCHIMONT,1097,SPA,6.096324554447641
566,HEVER,574,HOFSTADE,3.44219199614579
870,MOUSTIER,424,FRANIERE,3.39495375983216
725,LIEDEKERKE,2089,ANDERLECHT,15.9835643603001
127,BEERNEM,797,MARIA-AALTER,4.5816677317088
574,HOFSTADE,871,MUIZEN,3.3449626439264297
395,FAUX,692,LA ROCHE,1.46279708493928
2089,ANDERLECHT,725,LIEDEKERKE,15.983564360300202
424,FRANIERE,870,MOUSTIER,3.39495375983216
27,ANGLEUR,726,LIEGE-GUILL,3.00141033913587
905,NIEL,1066,SCHELLE,1.85137330615605
504,HALLE,360,ENGHIEN,15.5764354466686
601,IDEGEM,1059,SCHENDELBEKE,1.63169265108409
263,CHATELET,700,CAMPINAIRE,2.2697321436146
480,GRAIDE,249,CARLSBOURG,5.18020271234475
1084,ST-MARIABURG,30,ANTW-HAVEN,4.51531490007701
171,BLERET,1213,WAREMME,2.82377476097421
1167,UCCLE-CALEV,742,LINKEBEEK,2.2781844992225904
842,MOMALLE,399,FEXHE,2.1883210711238696
132,BEGIJNENDIJK,9,AARSCHOT,5.27493276125206
436,GEEL,924,OLEN,6.157885737165611
1202,VOROUX,27,ANGLEUR,15.5117460400336
229,BUDA,1192,VILVOORDE,2.0856446780595403
877,LIERSESTWG,863,MORTSEL,2.54831275631972
923,OKEGEM,600,IDDERGEM,2.4171668333134697
793,MARCH-ZONE,791,MARCH-AU-PT,3.1288480993104
255,CHAP-DIEU,809,MAZY,5.4858892630526395
27,ANGLEUR,1202,VOROUX,15.5117460400336
432,GALMAARDEN,1182,VIANE-MOERB,3.5016461789054203
566,HEVER,871,MUIZEN,2.29580156619449
1048,SCHAERBEEK,1192,VILVOORDE,7.017952647271141
1184,VICHTE,649,KORTRIJK,9.53491915450548
376,ESSEN,1244,WILDERT,4.00529035906362
649,KORTRIJK,1184,VICHTE,9.53491915450548
1186,VIJFHUIZEN,367,ERPE-MERE,2.20819375005045
220,BRUXELL-MIDI,1021,RUISBROEK,5.77606020566167
1097,SPA,459,GERONSTERE,0.758586483166945
553,HERENT,1238,WEZEMAAL,9.66916595293485
146,BERTRIX,409,FLORENVILLE,20.2909262243548
1260,ZAVENTEM,219,BRU AIRPORT,2.7166452474619502
724,LICHTERVELDE,1005,ROESELARE,8.69129447170781
219,BRU AIRPORT,1260,ZAVENTEM,2.7166452474619502
530,HAUTE-FLONE,22,AMAY,1.19794582976461
266,CHENEE,825,HERGENRATH,36.9860676378607
1091,SLEIDINGE,1206,WAARSCHOOT,4.84601460381176
825,HERGENRATH,266,CHENEE,36.9860676378607
1181,VEURNE,643,KOKSIJDE,1.21842429949905
916,NOSSEGEM,219,BRU AIRPORT,2.73069732868316
1255,YVOIR,472,GODINNE,4.04297430151845
139,ANTW-BERCHEM,37,ANTWERPEN-C,2.22166116612981
1219,WATERMAEL,380,ETTERBEEK,1.46872272408301
139,ANTW-BERCHEM,64,ANTW-ZUID,3.57933980977918
246,CALLENELLE,807,MAUBRAY,3.12320672878648
64,ANTW-ZUID,139,ANTW-BERCHEM,3.57933980977918
1131,TERNAT,1087,ST-M-BODEGEM,2.92546046428619
793,MARCH-ZONE,259,CHARL-CENTR,4.03464710886593
1244,WILDERT,630,KALMTHOUT,4.2201108279672095
77,ATH,121,SILLY,13.093790113796901
78,ATHUS,1842,MESSANCY,3.73046868884355
1761,DELTA,1219,WATERMAEL,1.11742968259562
64,ANTW-ZUID,1278,ZWIJNDRECHT,5.64438228154816
1979,TOUR-TAXIS,1048,SCHAERBEEK,3.3703764603252697
968,POIX-ST-HUB,723,LIBRAMONT,13.281629809819501
219,BRU AIRPORT,810,MECHELEN,15.306330633810099
723,LIBRAMONT,968,POIX-ST-HUB,13.281629809819501
810,MECHELEN,219,BRU AIRPORT,15.306330633810099
489,GRUPONT,968,POIX-ST-HUB,10.3528538953018
139,ANTW-BERCHEM,177,BOECHOUT,5.84558194223341
232,BUIZINGEN,504,HALLE,2.45016354764297
612,JAMIOULX,258,CHARL-OUEST,9.33173844239923
790,MARCHE-ECAUS,391,FAMILLEUREUX,3.8597610448828
707,LENS,805,MASNUY-ST-P,5.97543763202848
583,HOURAING,710,LESSINES,1.12282754151906
805,MASNUY-ST-P,707,LENS,5.97543763202848
995,RHISNES,1031,ST-D-BOVESSE,3.43607233760005
470,GLONS,1151,TONGEREN,5.92181689636024
486,GROENENDAAL,183,BOITSFORT,4.33216375320699
132,BEGIJNENDIJK,686,LANGDORP,5.73840528233896
992,COO,84,AYWAILLE,23.9314891214335
157,BILZEN,324,DIEPENBEEK,8.69047220507005
1059,SCHENDELBEKE,458,G'BERGEN,3.78825075214971
540,HEIST,743,LISSEWEGE,12.1229009538366
789,MARCHE-DAMES,894,NAMECHE,2.82967861853197
523,HASSELT,1350,ZONHOVEN,8.11889817661126
894,NAMECHE,789,MARCHE-DAMES,2.82967861853197
810,MECHELEN,1245,WILLEBROEK,12.875823704371
550,HENNUYERES,205,BRAINE-LE-CT,5.8384131826573205
1767,BOCKSTAEL,221,BRUXELLES-ND,2.97620666210048
1260,ZAVENTEM,325,DIEGEM,2.04855390115139
227,BRUX-SCHUMAN,221,BRUXELLES-ND,5.59752988333056
644,KONTICH-LINT,336,DUFFEL,4.82110815201205
415,FOREST-MIDI,504,HALLE,9.92565325872752
936,OTTIGNIES,739,LIMAL,2.5047312675645697
649,KORTRIJK,604,INGELMUNSTER,11.410691276612301
177,BOECHOUT,732,LIER,5.86154367791134
743,LISSEWEGE,540,HEIST,12.1229009538366
559,HERNE,360,ENGHIEN,3.85929022620632
61,ANTW-OOST,38,ANTW-DAM,3.7473550467650396
923,OKEGEM,910,NINOVE,2.96200137227107
523,HASSELT,1061,SCHULEN,10.5590895712521
223,BRUX-OUEST,220,BRUXELL-MIDI,3.69516481897967
455,GENT-ST-P,447,GENTBRUGGE,4.39011525596125
1043,SART-BERNARD,287,COURRIERE,4.465825097347589
447,GENTBRUGGE,455,GENT-ST-P,4.39011525596125
1048,SCHAERBEEK,229,BUDA,4.86935818820788
742,LINKEBEEK,1081,SAINT-JOB,3.1662736078315
2089,ANDERLECHT,815,MELLE,40.918133309140906
220,BRUXELL-MIDI,455,GENT-ST-P,51.9628343764362
1107,STOCKEM,1198,VIVILLE,1.29718335708578
455,GENT-ST-P,220,BRUXELL-MIDI,51.96283437643601
151,BEVEREN(W),819,MELSELE,1.95633230834169
819,MELSELE,30,ANTW-HAVEN,30.1031691937064
684,LANDEN,1090,SINT-TRUIDEN,11.3029201226855
504,HALLE,77,ATH,37.4705074356006
118,BAS-OHA,25,ANDENNE,7.41705407778493
77,ATH,504,HALLE,37.470507435600396
786,MARBEHAN,752,NEUFCHATEAU,16.0747091967526
1278,ZWIJNDRECHT,30,ANTW-HAVEN,30.7644938942076
2089,ANDERLECHT,455,GENT-ST-P,47.9414990475186
318,DENDERLEEUW,455,GENT-ST-P,30.2582766371717
750,LOMMEL,840,MOL,13.8677493611185
208,BRESSOUX,1202,VOROUX,18.616458503745797
748,LOKEREN,1073,SINAAI,7.1164345671951
455,GENT-ST-P,223,BRUX-OUEST,53.6848872903273
574,HOFSTADE,363,EPPEGEM,4.5987329060991895
725,LIEDEKERKE,220,BRUXELL-MIDI,20.0048996892178
363,EPPEGEM,574,HOFSTADE,4.5987329060991895
810,MECHELEN,871,MUIZEN,3.0965613322971097
871,MUIZEN,810,MECHELEN,3.0965613322971097
864,DEURNESTWG,139,ANTW-BERCHEM,2.1160331207332903
383,EVERE,812,MEISER,1.6109871874625001
812,MEISER,383,EVERE,1.6109871874625001
744,LOBBES,412,FONTAINE-VAL,4.77980314847274
412,FONTAINE-VAL,744,LOBBES,4.77980314847274
553,HERENT,1174,VELTEM,2.7409654776001897
1192,VILVOORDE,325,DIEGEM,4.87410253374943
706,LEMBEEK,1160,TUBIZE,2.86971461229117
764,LUCHTBAL,1839,NOORD'KEMPEN,20.961412149767998
391,FAMILLEUREUX,790,MARCHE-ECAUS,3.8597610448828
837,MOENSBERG,1081,SAINT-JOB,2.8057816292194997
1081,SAINT-JOB,837,MOENSBERG,2.8057816292194997
1009,RONET,400,FLAWINNE,1.69718966349131
421,FRAIPONT,1159,TROOZ,2.7822231357384397
1192,VILVOORDE,1663,HAREN,4.227627743551929
1226,WELKENRAEDT,825,HERGENRATH,8.34312238025496
791,MARCH-AU-PT,413,FORCHIES,6.3681835663348005
1229,WERVIK,278,COMINES,3.58153729811929
413,FORCHIES,791,MARCH-AU-PT,6.3681835663348005
1841,AUBANGE,78,ATHUS,2.94977113461446
348,EINE,939,OUDENAARDE,2.83846913578377
155,BIERSET-AW,1202,VOROUX,2.1289140919369003
12,ACREN,458,G'BERGEN,4.822783016219001
35,ANTOING,807,MAUBRAY,4.02353527906653
621,JETTE,1767,BOCKSTAEL,1.14692614578279
1767,BOCKSTAEL,621,JETTE,1.14692614578279
406,FLOREFFE,424,FRANIERE,2.4725597671145203
793,MARCH-ZONE,683,LANDELIES,3.97439641057849
1182,VIANE-MOERB,458,G'BERGEN,4.67376062511729
352,EKEREN,1084,ST-MARIABURG,1.74372573601558
401,FLEMALLE-GDE,705,LEMAN,1.29778999764382
1061,SCHULEN,326,DIEST,10.054659167573
1144,TIELEN,554,HERENTALS,8.14124138243421
361,ENGIS,402,FLEMALLE-HTE,4.07660302793387
402,FLEMALLE-HTE,361,ENGIS,4.07660302793387
272,CINEY,897,NATOYE,6.27460580365419
979,QUAREGNON,1034,ST-GHISLAIN,2.64990965067755
352,EKEREN,58,ANTW-N'DOK'N,1.7841754461744699
1194,VIRTON,409,FLORENVILLE,24.777121851737
996,RIVAGE,974,POULSEUR,4.03770507288899
335,DRONGEN,455,GENT-ST-P,4.20719003568979
455,GENT-ST-P,335,DRONGEN,4.20719003568979
449,GENT-DAMP,1248,WONDELGEM,5.1311386402896
414,FOREST-EST,220,BRUXELL-MIDI,3.17043549932059
504,HALLE,591,HUIZINGEN,2.87907424194344
809,MAZY,620,JEMEPPE-S-S,7.37786847483701
620,JEMEPPE-S-S,809,MAZY,7.37786847483701
184,BOKRIJK,157,BILZEN,16.1396272074051
1979,TOUR-TAXIS,227,BRUX-SCHUMAN,6.52420829934143
488,G-BIJGAARDEN,243,BERCHEM-ST-A,1.27976700974966
1083,ST-KAT-WAVER,811,NEKKERSPOEL,4.57447050558597
210,BRUGGE,931,OOSTKAMP,5.70287125462335
1231,ZOLDER,565,HEUSDEN,3.5525675359791697
815,MELLE,447,GENTBRUGGE,5.57760306965422
191,BORDET,1663,HAREN,1.42148073152001
911,NIVELLES,919,OBAIX-BUZET,7.71498437129624
919,OBAIX-BUZET,911,NIVELLES,7.71498437129624
502,HALANZY,1841,AUBANGE,4.6233676632586205
1841,AUBANGE,502,HALANZY,4.6233676632586205
329,DINANT,34,ANSEREMME,3.20210822190213
34,ANSEREMME,329,DINANT,3.20210822190213
317,DEINZE,320,DE PINTE,8.79058879805361
826,MERODE,812,MEISER,1.6916482767207999
812,MEISER,227,BRUX-SCHUMAN,2.05023589792891
515,HAM-S-SAMBRE,870,MOUSTIER,1.55282376699507
1048,SCHAERBEEK,221,BRUXELLES-ND,2.52527122155048
1744,LA LOUV-SUD,862,MORLANWELZ,4.36282071628155
862,MORLANWELZ,1744,LA LOUV-SUD,4.36282071628155
496,HABAY,1107,STOCKEM,10.562930051811499
611,JAMBES,895,NAMUR,2.6692754969152004
895,NAMUR,611,JAMBES,2.6692754969152004
715,LEUVEN,1242,WIJGMAAL,4.84227266258064
9,AARSCHOT,686,LANGDORP,3.73152401946613
1048,SCHAERBEEK,810,MECHELEN,19.8325213821049
1278,ZWIJNDRECHT,819,MELSELE,2.5465051408215498
546,HEMIKSEM,570,HOBOKEN-POLD,5.35583137427149
570,HOBOKEN-POLD,546,HEMIKSEM,5.35583137427149
1670,GENK,184,BOKRIJK,6.5687826216856005
863,MORTSEL,177,BOECHOUT,3.90732454865703
635,KESSEL,732,LIER,4.34748886097368
732,LIER,635,KESSEL,4.34748886097368
61,ANTW-OOST,139,ANTW-BERCHEM,1.0990143080659
360,ENGHIEN,121,SILLY,9.098335852784931
1761,DELTA,380,ETTERBEEK,1.5342452647775302
64,ANTW-ZUID,570,HOBOKEN-POLD,4.286287964230549
570,HOBOKEN-POLD,64,ANTW-ZUID,4.286287964230549
673,LA LOUV-CTRE,784,MANAGE,6.89538028197813
201,BRACQUEGNIES,1744,LA LOUV-SUD,5.10935467960376
715,LEUVEN,567,HEVERLEE,3.31752918434491
715,LEUVEN,1176,VERTRIJK,10.7271583177856
634,KAP-O-D-BOS,810,MECHELEN,8.9370304821239
31,ANS,726,LIEGE-GUILL,5.8893038830044695
871,MUIZEN,574,HOFSTADE,3.3449626439264297
1048,SCHAERBEEK,1767,BOCKSTAEL,2.52810041946727
360,ENGHIEN,504,HALLE,15.5764354466686
30,ANTW-HAVEN,1084,ST-MARIABURG,4.51531490007701
621,JETTE,1979,TOUR-TAXIS,2.07555485004425
720,LEVAL,1744,LA LOUV-SUD,5.54836811026759
1744,LA LOUV-SUD,720,LEVAL,5.54836811026759
1767,BOCKSTAEL,1048,SCHAERBEEK,2.52810041946727
742,LINKEBEEK,1167,UCCLE-CALEV,2.2781844992225904
649,KORTRIJK,160,BISSEGEM,3.49412664076202
530,HAUTE-FLONE,361,ENGIS,6.00020141703953
863,MORTSEL,877,LIERSESTWG,2.54831275631972
612,JAMIOULX,791,MARCH-AU-PT,8.23495978576169
1195,VISE,1226,WELKENRAEDT,29.667058347973402
126,BEAURAING,435,GEDINNE,21.267678984642302
871,MUIZEN,566,HEVER,2.29580156619449
1238,WEZEMAAL,553,HERENT,9.66916595293485
715,LEUVEN,1238,WEZEMAAL,9.01294226077748
258,CHARL-OUEST,791,MARCH-AU-PT,3.5100874083470797
2089,ANDERLECHT,220,BRUXELL-MIDI,4.02146965016619
6,AALST,365,EREMBODEGEM,3.0594797629027997
259,CHARL-CENTR,793,MARCH-ZONE,4.03464710886593
572,HOEILAART,672,LA HULPE,3.29030153888745
121,SILLY,77,ATH,13.093790113796901
208,BRESSOUX,2011,OUGREE,8.09471270238334
1219,WATERMAEL,1761,DELTA,1.11742968259562
870,MOUSTIER,809,MAZY,8.635733264349021
258,CHARL-OUEST,612,JAMIOULX,9.33173844239924
793,MARCH-ZONE,258,CHARL-OUEST,4.225626755947951
258,CHARL-OUEST,793,MARCH-ZONE,4.225626755947951
1198,VIVILLE,496,HABAY,11.8672119377369
895,NAMUR,789,MARCHE-DAMES,7.92501290261934
789,MARCHE-DAMES,895,NAMUR,7.92501290261934
324,DIEPENBEEK,157,BILZEN,8.69047220507006
1092,SOIGNIES,342,ECAUSSINNES,7.84950380215507
342,ECAUSSINNES,1092,SOIGNIES,7.84950380215507
523,HASSELT,636,KIEWIT,4.99949863351647
636,KIEWIT,523,HASSELT,4.99949863351648
210,BRUGGE,929,OOSTENDE,21.8978620148835
449,GENT-DAMP,130,BEERVELDE,12.165550420004099
130,BEERVELDE,449,GENT-DAMP,12.165550420004
1245,WILLEBROEK,810,MECHELEN,12.8758237043709
188,BOOM,1017,RUISBR-SAUV,2.73383720640504
732,LIER,336,DUFFEL,9.639366332510521
221,BRUXELLES-ND,227,BRUX-SCHUMAN,5.59752988333056
604,INGELMUNSTER,649,KORTRIJK,11.410691276612301
325,DIEGEM,1663,HAREN,1.72877070005934
325,DIEGEM,810,MECHELEN,17.264923933033398
38,ANTW-DAM,61,ANTW-OOST,3.7473550467650396
9,AARSCHOT,132,BEGIJNENDIJK,5.27493276125206
1061,SCHULEN,523,HASSELT,10.5590895712521
726,LIEGE-GUILL,208,BRESSOUX,5.77253291027571
504,HALLE,220,BRUXELL-MIDI,13.4121787595619
815,MELLE,220,BRUXELL-MIDI,44.9394686380583
219,BRU AIRPORT,1663,HAREN,6.41519021387917
325,DIEGEM,1192,VILVOORDE,4.87410253374943
30,ANTW-HAVEN,819,MELSELE,30.1031691937065
1663,HAREN,219,BRU AIRPORT,6.41519021387917
1202,VOROUX,208,BRESSOUX,18.6164585037457
868,MOUSCRON,160,BISSEGEM,14.4645809008488
1226,WELKENRAEDT,1151,TONGEREN,46.129012917464806
223,BRUX-OUEST,455,GENT-ST-P,53.684887290327495
220,BRUXELL-MIDI,725,LIEDEKERKE,20.0048996892178
1151,TONGEREN,1226,WELKENRAEDT,46.1290129174649
715,LEUVEN,31,ANS,66.2199129490686
31,ANS,715,LEUVEN,66.2199129490685
841,MOLLEM,821,MERCHTEM,2.45542483750497
246,CALLENELLE,958,PERUWELZ,4.9561658557836
457,GENVAL,672,LA HULPE,1.7378342243873102
782,MAFFLE,77,ATH,2.34229208786649
1102,STATTE,592,HUY,1.1808527153497
157,BILZEN,1151,TONGEREN,10.481805303215701
1912,ARCADES,1761,DELTA,1.14022598015542
143,BEVERLO,708,LEOPOLDSBURG,3.85702347648524
901,NESSONVAUX,421,FRAIPONT,1.5871855508040902
1761,DELTA,1912,ARCADES,1.14022598015542
952,PAPIGNIES,989,REBAIX,3.6911704595434
578,HOLLEKEN,1079,RHODE-ST-G,2.1774712695498804
754,LONZEE,148,BEUZET,3.00036668872004
733,LIERS,470,GLONS,7.21386401964768
619,JEMEPPE-S-M,971,PONT-SERAING,0.978975131183195
1146,TIENEN,1176,VERTRIJK,7.3744483134838505
493,HAACHT,190,BOORTMEERB,3.2721243359677903
220,BRUXELL-MIDI,415,FOREST-MIDI,3.42079482176169
900,NEERWINDEN,684,LANDEN,3.6837066754134797
494,HAALTERT,345,EDE,2.46808674210651
427,FROYENNES,560,HERSEAUX,12.3333024539848
107,BALEN,708,LEOPOLDSBURG,8.735108278380679
249,CARLSBOURG,951,PALISEUL,1.84270365802114
560,HERSEAUX,868,MOUSCRON,3.51888751713172
132,BEGIJNENDIJK,187,BOOISCHOT,2.59345466868338
1185,VIELSALM,1157,TROIS-PONTS,11.9663248395352
347,EICHEM,910,NINOVE,2.93889446771948
1278,ZWIJNDRECHT,58,ANTW-N'DOK'N,36.9333251396287
736,LIGNY,404,FLEURUS,3.51671691262813
1060,SCHOONAARDE,1253,WICHELEN,2.57729646558143
1266,ZELLIK,74,ASSE,5.50058853401637
1091,SLEIDINGE,1843,EVERGEM,3.18706027043334
1157,TROIS-PONTS,1185,VIELSALM,11.9663248395352
936,OTTIGNIES,252,CEROUX-MOUST,1.49874937517703
118,BAS-OHA,1102,STATTE,2.29071637447212
19,ALKEN,523,HASSELT,6.49428614587748
130,BEERVELDE,748,LOKEREN,7.73170875151176
27,ANGLEUR,1147,TILFF,6.773363041472391
818,MELR-HOTTON,114,BARVAUX,8.6254184264816
905,NIEL,188,BOOM,3.2005070275593397
1176,VERTRIJK,1146,TIENEN,7.3744483134838505
764,LUCHTBAL,58,ANTW-N'DOK'N,2.0413438005841997
8,AALTER,136,BELLEM,2.92134601367045
142,BERLAAR,814,MELKOUWEN,3.0955368788505297
728,LIEGE-CARRE,726,LIEGE-GUILL,1.74582125988393
267,CH'DFONTAINE,266,CHENEE,3.44558844559281
148,BEUZET,1031,ST-D-BOVESSE,1.80135439586103
192,BORNEM,977,PUURS,3.89283715218467
704,LEIGNON,257,CHAPOIS,1.31814255121291
435,GEDINNE,480,GRAIDE,7.70515278063239
1198,VIVILLE,70,ARLON,2.0639221932701997
1226,WELKENRAEDT,331,DOLHAIN-GIL,4.86194828782386
725,LIEDEKERKE,318,DENDERLEEUW,2.01733521925494
250,CARNIERES,862,MORLANWELZ,1.73800818594006
1229,WERVIK,820,MENEN,5.17075143025056
102,BAASRODE-ZD,231,BUGGENHOUT,3.2982533563135097
1843,EVERGEM,1091,SLEIDINGE,3.18706027043334
190,BOORTMEERB,493,HAACHT,3.2721243359677903
151,BEVEREN(W),906,NIEUWKERKEN,5.93968645843813
989,REBAIX,952,PAPIGNIES,3.6911704595434
74,ASSE,841,MOLLEM,3.1887706818953303
1168,UCCLE-STALLE,1167,UCCLE-CALEV,1.27315785190399
649,KORTRIJK,868,MOUSCRON,12.730555237484198
438,GEMBLOUX,366,ERNAGE,2.8839986181002
1238,WEZEMAAL,9,AARSCHOT,6.32441236336817
480,GRAIDE,435,GEDINNE,7.70515278063239
840,MOL,436,GEEL,9.09240953433115
68,ARCHENNES,433,GASTUCHE,2.36969814004111
259,CHARL-CENTR,258,CHARL-OUEST,1.33247620523115
399,FEXHE,1202,VOROUX,2.4397766370117804
786,MARBEHAN,496,HABAY,7.1196425169536495
329,DINANT,1255,YVOIR,7.5141961574247
404,FLEURUS,747,LODELINSART,8.269628470184351
1167,UCCLE-CALEV,1168,UCCLE-STALLE,1.27315785190399
219,BRU AIRPORT,325,DIEGEM,7.06166500407667
77,ATH,719,LEUZE,11.9913771722272
446,GENLY,422,FRAMERIES,1.7329080236835
27,ANGLEUR,266,CHENEE,1.0887962411429
974,POULSEUR,375,ESNEUX,3.6197387493268303
1226,WELKENRAEDT,1195,VISE,29.667058347973402
331,DOLHAIN-GIL,1226,WELKENRAEDT,4.86194828782386
606,IZEGEM,1005,ROESELARE,6.85973588542648
169,BLATON,958,PERUWELZ,5.86332320082063
1102,STATTE,118,BAS-OHA,2.29071637447212
747,LODELINSART,404,FLEURUS,8.269628470184351
459,GERONSTERE,1097,SPA,0.758586483166945
1018,ROUX,286,COURC-MOTTE,2.17882448001213
1059,SCHENDELBEKE,601,IDEGEM,1.63169265108409
147,BERZEE,976,PRY,2.60549807265321
100,AYE,532,HAVERSIN,9.32411571935758
6,AALST,701,LEDE,4.87963594888531
738,LILLOIS,203,BRAINE-L'ALL,4.74825996778155
494,HAALTERT,1228,WELLE,2.10021199750497
1150,TOLLEMBEEK,559,HERNE,2.01737848761227
25,ANDENNE,262,CHAT-DE-SEIL,1.0121663560788499
66,ANZEGEM,1184,VICHTE,7.34691525359177
219,BRU AIRPORT,1048,SCHAERBEEK,9.6292624531481
1182,VIANE-MOERB,432,GALMAARDEN,3.5016461789054203
258,CHARL-OUEST,259,CHARL-CENTR,1.33247620523115
1219,WATERMAEL,183,BOITSFORT,1.80481717228469
1088,SINT-NIKLAAS,1128,TEMSE,8.07037132503377
138,BELSELE,1073,SINAAI,1.63925546433243
148,BEUZET,754,LONZEE,3.00036668872004
102,BAASRODE-ZD,319,DENDERMONDE,3.75975101673125
1206,WAARSCHOOT,1091,SLEIDINGE,4.84601460381176
67,APPELTERRE,347,EICHEM,1.92040581342835
1274,ZOTTEGEM,873,MUNKZWALM,7.43172118425392
742,LINKEBEEK,578,HOLLEKEN,1.28115577821496
701,LEDE,1068,SERSKAMP,2.34405051921528
801,MARLOIE,617,ROCH-JEMELLE,5.9602406037975895
1248,WONDELGEM,1843,EVERGEM,2.5421946212302102
977,PUURS,1017,RUISBR-SAUV,3.1703711852937397
1159,TROOZ,267,CH'DFONTAINE,3.58227557418227
900,NEERWINDEN,384,EZEMAAL,3.23863700458445
462,GHLIN,848,MONS,5.68743336573186
860,MOORTSELE,1056,SCHELDEWIND,1.7538708681514
82,AUVELAIS,404,FLEURUS,9.351732190184642
842,MOMALLE,991,REMICOURT,3.40539191695837
591,HUIZINGEN,128,BEERSEL,3.15820688728573
433,GASTUCHE,120,BASSE-WAVRE,2.45111612431456
550,HENNUYERES,1160,TUBIZE,5.0293910757206
410,FLORIVAL,68,ARCHENNES,0.994703183928227
982,QUEVY,446,GENLY,5.73752216531307
920,OBOURG,908,NIMY,3.7061675368328704
1218,WATERLOO,203,BRAINE-L'ALL,3.4710712908925
209,BRUGELETTE,247,CAMBRON-CAST,1.68391618472181
971,PONT-SERAING,619,JEMEPPE-S-M,0.978975131183195
798,MARIEMBOURG,291,COUVIN,5.24895816130638
231,BUGGENHOUT,102,BAASRODE-ZD,3.2982533563135097
479,GOUY-PIETON,970,PONT-CELLES,3.18330500127959
860,MOORTSELE,685,LANDSKOUTER,2.11065015153601
328,DILBEEK,1087,ST-M-BODEGEM,2.76324682227273
970,PONT-CELLES,479,GOUY-PIETON,3.18330500127959
68,ARCHENNES,410,FLORIVAL,0.994703183928227
634,KAP-O-D-BOS,751,LONDERZEEL,4.36313296194644
1262,ZEEBR-DORP,743,LISSEWEGE,3.99772472835066
1270,ZICHEM,1134,TESTELT,2.94476642881768
136,BELLEM,8,AALTER,2.92134601367045
1723,ZEEBR-STRAND,743,LISSEWEGE,3.37580338078681
1066,SCHELLE,905,NIEL,1.85137330615605
590,HOVE,866,M-OUDE GOD,2.0915590842501603
730,LIEGE-ST-LAM,562,HERSTAL,3.91753917842682
288,COUR-HEURE,514,HAM-S-HEURE,2.3982509336011897
286,COURC-MOTTE,768,LUTTRE,5.51354406189795
1005,ROESELARE,724,LICHTERVELDE,8.69129447170781
989,REBAIX,77,ATH,4.84941228367382
486,GROENENDAAL,572,HOEILAART,1.4372609548952
751,LONDERZEEL,781,MALDEREN,4.63667129087943
216,BRUX-CONGRES,221,BRUXELLES-ND,0.943358352388166
247,CAMBRON-CAST,707,LENS,3.77635082246385
751,LONDERZEEL,634,KAP-O-D-BOS,4.36313296194644
1152,TORHOUT,1261,ZEDELGEM,7.9836934878512
1730,SINT-GILLIS,319,DENDERMONDE,1.17647508251223
190,BOORTMEERB,566,HEVER,2.83576825819117
147,BERZEE,288,COUR-HEURE,2.31772383066874
931,OOSTKAMP,127,BEERNEM,5.83862609468763
1139,THUIN,585,HOURPES,3.24824855788172
541,HEIST-BERG,814,MELKOUWEN,3.59507362650207
1154,TOURNAI,427,FROYENNES,2.84953457051014
700,CAMPINAIRE,392,FARCIENNES,0.940344439715458
1666,OVERPELT,899,NEERPELT,1.47197082157592
1187,V-POMMEROEUL,519,HARCHIES,2.6458555457356403
699,LEBBEKE,542,HEIZIJDE,2.36571458561635
365,EREMBODEGEM,318,DENDERLEEUW,3.39220447147905
939,OUDENAARDE,1076,ST-D-BOEKEL,7.50625275272035
189,BOONDAEL,1912,ARCADES,0.922614517461714
1212,WAREGEM,317,DEINZE,12.298373367423402
1147,TILFF,827,MERY,3.12235851097456
541,HEIST-BERG,187,BOOISCHOT,5.98940128980416
684,LANDEN,900,NEERWINDEN,3.6837066754134797
1666,OVERPELT,750,LOMMEL,7.88020701392755
1151,TONGEREN,157,BILZEN,10.481805303215701
471,GODARVILLE,784,MANAGE,4.44363329589168
66,ANZEGEM,939,OUDENAARDE,8.24665566305924
1048,SCHAERBEEK,1663,HAREN,6.07378227789177
1058,SCHELLEBELLE,1234,WETTEREN,2.79693611845541
864,DEURNESTWG,866,M-OUDE GOD,1.3045476632576198
906,NIEUWKERKEN,151,BEVEREN(W),5.93968645843813
896,NANINNE,313,DAVE-ST-MART,3.51192077469265
326,DIEST,1270,ZICHEM,5.067859872733931
1206,WAARSCHOOT,346,EEKLO,4.0324086861153905
619,JEMEPPE-S-M,401,FLEMALLE-GDE,1.8992367711934202
438,GEMBLOUX,255,CHAP-DIEU,1.83128787667431
75,ASSESSE,405,FLOREE,2.87159718009464
832,MEVERG-ATTRE,209,BRUGELETTE,1.5782165296289699
539,HEIDE,637,KIJKUIT,1.61098002352575
764,LUCHTBAL,37,ANTWERPEN-C,3.02424434939072
423,FRANCHIMONT,1135,THEUX,1.38166837331015
589,HOUYET,126,BEAURAING,9.73342940130064
1160,TUBIZE,550,HENNUYERES,5.0293910757206
1076,ST-D-BOEKEL,939,OUDENAARDE,7.50625275272035
1348,BERINGEN,565,HEUSDEN,3.4859826650309
1187,V-POMMEROEUL,1034,ST-GHISLAIN,7.84646394155818
10,AARSELE,1145,TIELT,6.40420595217736
1097,SPA,423,FRANCHIMONT,6.096324554447641
247,CAMBRON-CAST,209,BRUGELETTE,1.68391618472181
635,KESSEL,907,NIJLEN,3.3809035938469503
223,BRUX-OUEST,2089,ANDERLECHT,5.74352256405749
317,DEINZE,10,AARSELE,8.383183688507101
507,HAMBOS,1242,WIJGMAAL,3.52628096662913
371,ERQUEL-VILL,369,ERQUELINNES,1.33171435080629
841,MOLLEM,74,ASSE,3.1887706818953303
701,LEDE,6,AALST,4.87963594888531
1134,TESTELT,1270,ZICHEM,2.94476642881768
1093,SOLRE-SAMBRE,664,LABUISSIERE,2.04945137397069
579,HONY,827,MERY,1.47795494158508
908,NIMY,848,MONS,2.23928850951676
336,DUFFEL,1083,ST-KAT-WAVER,2.33836179671462
262,CHAT-DE-SEIL,25,ANDENNE,1.0121663560788499
203,BRAINE-L'ALL,738,LILLOIS,4.74825996778155
768,LUTTRE,970,PONT-CELLES,2.3339924219211396
235,BURST,110,BAMBRUGGE,1.3335925030828
412,FONTAINE-VAL,664,LABUISSIERE,1.8562334767866902
106,BALEGEM-ZUID,1274,ZOTTEGEM,3.62273157968346
158,BINCHE,720,LEVAL,3.81710479279515
138,BELSELE,1088,SINT-NIKLAAS,4.4365950193757095
685,LANDSKOUTER,860,MOORTSELE,2.11065015153601
951,PALISEUL,249,CARLSBOURG,1.84270365802114
324,DIEPENBEEK,523,HASSELT,7.12542068250409
910,NINOVE,347,EICHEM,2.93889446771948
1128,TEMSE,1088,SINT-NIKLAAS,8.07037132503377
1207,WALCOURT,1254,YVES-GOMEZEE,5.329023676972319
692,LA ROCHE,1189,VILLERS-LA-V,3.84487617823721
1230,WESPEL-TILD,507,HAMBOS,2.38385647649375
704,LEIGNON,272,CINEY,3.11462254438189
474,GONTRODE,685,LANDSKOUTER,1.25201773339745
896,NANINNE,1043,SART-BERNARD,1.93451963935651
958,PERUWELZ,169,BLATON,5.86332320082063
434,GAVERE-ASPER,351,EKE-NAZARETH,3.54602621727027
418,FORRIERES,489,GRUPONT,5.65674918607321
1272,ZINGEM,348,EINE,4.80271084601572
427,FROYENNES,1154,TOURNAI,2.84953457051014
629,JUSLENVILLE,1135,THEUX,0.983034769606415
542,HEIZIJDE,933,OPWIJK,2.6698716059344
1150,TOLLEMBEEK,432,GALMAARDEN,2.1968143403725797
1149,TILLY,1189,VILLERS-LA-V,3.38746842758513
250,CARNIERES,962,PIETON,2.3463443377611304
35,ANTOING,1154,TOURNAI,7.2612582506648895
203,BRAINE-L'ALL,1218,WATERLOO,3.4710712908925
100,AYE,801,MARLOIE,2.77336160462047
34,ANSEREMME,442,GENDRON-CELL,7.05202716100634
1232,WOLFSTEE,199,BOUWEL,2.9683843944033
266,CHENEE,27,ANGLEUR,1.0887962411429
455,GENT-ST-P,320,DE PINTE,6.53827221648006
632,KAPELLEN,1084,ST-MARIABURG,2.37054427321055
724,LICHTERVELDE,1145,TIELT,17.1185449912703
600,IDDERGEM,318,DENDERLEEUW,1.89724377723968
798,MARIEMBOURG,961,PHILIPPEVILL,13.2194557277946
74,ASSE,1266,ZELLIK,5.50058853401637
501,HAININ,195,BOUSSU,2.25671910194005
16,AISEAU,392,FARCIENNES,2.7331826844654503
1228,WELLE,494,HAALTERT,2.10021199750497
1125,TAMINES,16,AISEAU,1.79604370104547
542,HEIZIJDE,699,LEBBEKE,2.36571458561635
107,BALEN,840,MOL,4.86503629676836
218,BRUXELL-LUX,380,ETTERBEEK,2.33888870383221
726,LIEGE-GUILL,1063,SCLESSIN,2.8097577882607
510,HAMOIR,1113,SY,4.02315069741812
189,BOONDAEL,824,VIVIER D'OIE,1.6506849367613199
502,HALANZY,1194,VIRTON,16.6111227739425
1235,WEVELGEM,160,BISSEGEM,3.3658791926419798
601,IDEGEM,1256,ZANDBERGEN,2.66866093009551
562,HERSTAL,835,MILMORT,4.79831140336085
1253,WICHELEN,1058,SCHELLEBELLE,3.7556049826404503
1230,WESPEL-TILD,493,HAACHT,1.9312125727601799
227,BRUX-SCHUMAN,1767,BOCKSTAEL,5.68193225848344
1767,BOCKSTAEL,227,BRUX-SCHUMAN,5.68193225848343
84,AYWAILLE,992,COO,23.9314891214335
205,BRAINE-LE-CT,550,HENNUYERES,5.8384131826573205
628,JURBISE,707,LENS,3.45550373911328
739,LIMAL,936,OTTIGNIES,2.5047312675645697
520,HARELBEKE,649,KORTRIJK,5.04642023556063
1224,WEERDE,810,MECHELEN,4.736951278110561
539,HEIDE,632,KAPELLEN,6.08510278811939
632,KAPELLEN,539,HEIDE,6.08510278811939
1082,ST-JOR-WEERT,954,PECROT,2.49620838192776
455,GENT-ST-P,2089,ANDERLECHT,47.9414990475183
220,BRUXELL-MIDI,223,BRUX-OUEST,3.69516481897967
902,NEUFVILLES,1092,SOIGNIES,5.3183000703918895
287,COURRIERE,1043,SART-BERNARD,4.465825097347589
229,BUDA,1048,SCHAERBEEK,4.86935818820788
1092,SOIGNIES,902,NEUFVILLES,5.3183000703918895
1198,VIVILLE,1107,STOCKEM,1.29718335708578
736,LIGNY,1149,TILLY,5.20357896875232
1149,TILLY,736,LIGNY,5.20357896875232
391,FAMILLEUREUX,784,MANAGE,2.2052181591122797
784,MANAGE,391,FAMILLEUREUX,2.2052181591122797
1090,SINT-TRUIDEN,684,LANDEN,11.3029201226855
762,LOUVAIN-LA-N,936,OTTIGNIES,6.35155414175685
183,BOITSFORT,486,GROENENDAAL,4.33216375320699
262,CHAT-DE-SEIL,1062,SCLAIGNEAUX,4.14384700438492
752,NEUFCHATEAU,786,MARBEHAN,16.0747091967526
25,ANDENNE,118,BAS-OHA,7.41705407778493
1013,RENAIX,939,OUDENAARDE,13.576942428686099
840,MOL,750,LOMMEL,13.8677493611185
1073,SINAAI,748,LOKEREN,7.1164345671951
811,NEKKERSPOEL,871,MUIZEN,3.07693273011447
871,MUIZEN,811,NEKKERSPOEL,3.07693273011447
521,HAREN-SUD,1048,SCHAERBEEK,2.90185289336519
1048,SCHAERBEEK,521,HAREN-SUD,2.90185289336519
719,LEUZE,1154,TOURNAI,18.8057555010317
911,NIVELLES,738,LILLOIS,5.6945674923389396
1174,VELTEM,553,HERENT,2.7409654776001897
1154,TOURNAI,719,LEUZE,18.8057555010317
628,JURBISE,805,MASNUY-ST-P,3.81738305143773
805,MASNUY-ST-P,628,JURBISE,3.81738305143773
1160,TUBIZE,706,LEMBEEK,2.86971461229117
1839,NOORD'KEMPEN,764,LUCHTBAL,20.961412149767998
400,FLAWINNE,1009,RONET,1.69718966349131
1092,SOIGNIES,205,BRAINE-LE-CT,6.15494673010358
1159,TROOZ,421,FRAIPONT,2.7822231357384397
380,ETTERBEEK,1912,ARCADES,1.49364064587464
815,MELLE,474,GONTRODE,2.7052279697998403
554,HERENTALS,1232,WOLFSTEE,3.05521769618177
1232,WOLFSTEE,554,HERENTALS,3.05521769618177
825,HERGENRATH,1226,WELKENRAEDT,8.34312238025496
606,IZEGEM,604,INGELMUNSTER,3.05362738054106
37,ANTWERPEN-C,61,ANTW-OOST,1.94803732230261
61,ANTW-OOST,37,ANTWERPEN-C,1.94803732230261
278,COMINES,1229,WERVIK,3.58153729811929
726,LIEGE-GUILL,2011,OUGREE,5.673038996584349
939,OUDENAARDE,348,EINE,2.83846913578377
342,ECAUSSINNES,205,BRAINE-LE-CT,5.7457269919803
205,BRAINE-LE-CT,342,ECAUSSINNES,5.7457269919803
1202,VOROUX,155,BIERSET-AW,2.1289140919369003
807,MAUBRAY,35,ANTOING,4.02353527906653
1266,ZELLIK,621,JETTE,4.3573054346366
84,AYWAILLE,996,RIVAGE,7.84258022087287
996,RIVAGE,84,AYWAILLE,7.84258022087287
1067,SERAING,401,FLEMALLE-GDE,5.535939384887319
139,ANTW-BERCHEM,863,MORTSEL,2.13768423234237
863,MORTSEL,139,ANTW-BERCHEM,2.13768423234237
424,FRANIERE,406,FLOREFFE,2.4725597671145203
971,PONT-SERAING,1063,SCLESSIN,3.50638585906561
961,PHILIPPEVILL,1254,YVES-GOMEZEE,7.87047775929169
1254,YVES-GOMEZEE,961,PHILIPPEVILL,7.87047775929169
1088,SINT-NIKLAAS,906,NIEUWKERKEN,3.24817919939992
1213,WAREMME,684,LANDEN,13.800926954126501
1218,WATERLOO,316,DE HOEK,2.88559759829687
535,HAVRE,920,OBOURG,3.67137828361112
705,LEMAN,401,FLEMALLE-GDE,1.29778999764382
554,HERENTALS,1144,TIELEN,8.14124138243421
554,HERENTALS,924,OLEN,6.04101965088922
326,DIEST,1061,SCHULEN,10.054659167573
897,NATOYE,272,CINEY,6.27460580365419
974,POULSEUR,996,RIVAGE,4.03770507288899
220,BRUXELL-MIDI,217,BRUXELL-CHAP,1.03931431303768
217,BRUXELL-CHAP,220,BRUXELL-MIDI,1.03931431303768
1248,WONDELGEM,449,GENT-DAMP,5.1311386402896
1034,ST-GHISLAIN,979,QUAREGNON,2.64990965067755
157,BILZEN,184,BOKRIJK,16.139627207405198
227,BRUX-SCHUMAN,1979,TOUR-TAXIS,6.524208299341439
791,MARCH-AU-PT,259,CHARL-CENTR,3.31910776126506
815,MELLE,455,GENT-ST-P,7.41057448894299
648,KORTENBERG,916,NOSSEGEM,2.8523239925441497
155,BIERSET-AW,31,ANS,3.47520872050516
31,ANS,155,BIERSET-AW,3.47520872050516
455,GENT-ST-P,815,MELLE,7.41057448894299
259,CHARL-CENTR,791,MARCH-AU-PT,3.31910776126506
458,G'BERGEN,1085,LIERDE,6.62193740594126
13,DE PANNE,643,KOKSIJDE,3.66936172376233
643,KOKSIJDE,13,DE PANNE,3.66936172376233
654,KWATRECHT,815,MELLE,2.91830320959673
815,MELLE,654,KWATRECHT,2.91830320959673
82,AUVELAIS,620,JEMEPPE-S-S,2.54876558329422
951,PALISEUL,146,BERTRIX,11.9779451151666
212,BRUGGE-ST-P,166,BLANKENBERGE,11.7415975823228
1107,STOCKEM,496,HABAY,10.562930051811499
644,KONTICH-LINT,732,LIER,6.28232320895416
1238,WEZEMAAL,1242,WIJGMAAL,9.060054182139352
1242,WIJGMAAL,1238,WEZEMAAL,9.060054182139352
686,LANGDORP,9,AARSCHOT,3.73152401946613
822,MERELBEKE,455,GENT-ST-P,4.44445906948192
455,GENT-ST-P,822,MERELBEKE,4.44445906948192
177,BOECHOUT,863,MORTSEL,3.90732454865703
732,LIER,142,BERLAAR,6.94008005628894
810,MECHELEN,634,KAP-O-D-BOS,8.9370304821239
121,SILLY,360,ENGHIEN,9.098335852784931
223,BRUX-OUEST,414,FOREST-EST,4.8669933313975395
227,BRUX-SCHUMAN,1048,SCHAERBEEK,4.61530196315156
1744,LA LOUV-SUD,201,BRACQUEGNIES,5.10935467960376
567,HEVERLEE,715,LEUVEN,3.31752918434491
1176,VERTRIJK,715,LEUVEN,10.7271583177856
259,CHARL-CENTR,612,JAMIOULX,9.14075879531722
521,HAREN-SUD,325,DIEGEM,1.95899721866755
868,MOUSCRON,604,INGELMUNSTER,22.381145536699
604,INGELMUNSTER,868,MOUSCRON,22.381145536699
726,LIEGE-GUILL,27,ANGLEUR,3.00141033913587
1979,TOUR-TAXIS,621,JETTE,2.07555485004426
37,ANTWERPEN-C,139,ANTW-BERCHEM,2.22166116612982
380,ETTERBEEK,1761,DELTA,1.5342452647775302
160,BISSEGEM,649,KORTRIJK,3.49412664076202
361,ENGIS,530,HAUTE-FLONE,6.00020141703953
791,MARCH-AU-PT,793,MARCH-ZONE,3.1288480993104
791,MARCH-AU-PT,612,JAMIOULX,8.23495978576169
435,GEDINNE,126,BEAURAING,21.267678984642302
1021,RUISBROEK,220,BRUXELL-MIDI,5.77606020566167
1238,WEZEMAAL,715,LEUVEN,9.01294226077748
791,MARCH-AU-PT,258,CHARL-OUEST,3.51008740834707
220,BRUXELL-MIDI,2089,ANDERLECHT,4.02146965016618
30,ANTW-HAVEN,58,ANTW-N'DOK'N,6.93003060518226
916,NOSSEGEM,1260,ZAVENTEM,2.60972338925113
1260,ZAVENTEM,916,NOSSEGEM,2.60972338925114
58,ANTW-N'DOK'N,30,ANTW-HAVEN,6.93003060518226
219,BRU AIRPORT,916,NOSSEGEM,2.7306973286831697
365,EREMBODEGEM,6,AALST,3.0594797629027997
672,LA HULPE,572,HOEILAART,3.29030153888745
210,BRUGGE,1261,ZEDELGEM,10.298889740699
1261,ZEDELGEM,210,BRUGGE,10.2988897406991
743,LISSEWEGE,212,BRUGGE-ST-P,8.12386054599448
212,BRUGGE-ST-P,743,LISSEWEGE,8.12386054599448
809,MAZY,870,MOUSTIER,8.635733264349021
391,FAMILLEUREUX,673,LA LOUV-CTRE,6.89358614426021
673,LA LOUV-CTRE,391,FAMILLEUREUX,6.89358614426021
496,HABAY,1198,VIVILLE,11.8672119377369
177,BOECHOUT,139,ANTW-BERCHEM,5.84558194223341
1048,SCHAERBEEK,1979,TOUR-TAXIS,3.3703764603252697
1151,TONGEREN,470,GLONS,5.92181689636024
877,LIERSESTWG,139,ANTW-BERCHEM,4.549156193904509
139,ANTW-BERCHEM,877,LIERSESTWG,4.549156193904509
1350,ZONHOVEN,523,HASSELT,8.11889817661126
929,OOSTENDE,210,BRUGGE,21.8978620148835
1017,RUISBR-SAUV,188,BOOM,2.73383720640504
336,DUFFEL,732,LIER,9.639366332510521
221,BRUXELLES-ND,1767,BOCKSTAEL,2.97620666210048
504,HALLE,415,FOREST-MIDI,9.92565325872752
810,MECHELEN,325,DIEGEM,17.264923933033398
1663,HAREN,325,DIEGEM,1.72877070005934
686,LANGDORP,132,BEGIJNENDIJK,5.73840528233896
223,BRUX-OUEST,725,LIEDEKERKE,21.7269526031091
1067,SERAING,402,FLEMALLE-HTE,4.698579482904409
402,FLEMALLE-HTE,1067,SERAING,4.698579482904409
725,LIEDEKERKE,223,BRUX-OUEST,21.7269526031091
208,BRESSOUX,726,LIEGE-GUILL,5.77253291027571
27,ANGLEUR,208,BRESSOUX,5.25075948968621
220,BRUXELL-MIDI,504,HALLE,13.4121787595619
208,BRESSOUX,27,ANGLEUR,5.25075948968621
1081,SAINT-JOB,742,LINKEBEEK,3.1662736078315
220,BRUXELL-MIDI,815,MELLE,44.9394686380585
30,ANTW-HAVEN,1278,ZWIJNDRECHT,30.7644938942076
318,DENDERLEEUW,815,MELLE,23.234910898794002
455,GENT-ST-P,318,DENDERLEEUW,30.2582766371718
815,MELLE,318,DENDERLEEUW,23.234910898794002
415,FOREST-MIDI,223,BRUX-OUEST,5.03565297060016
223,BRUX-OUEST,415,FOREST-MIDI,5.03565297060015
223,BRUX-OUEST,815,MELLE,46.661521551949804
815,MELLE,223,BRUX-OUEST,46.6615215519496
160,BISSEGEM,868,MOUSCRON,14.4645809008488
810,MECHELEN,1663,HAREN,16.6184491428358
1663,HAREN,810,MECHELEN,16.6184491428359
